PERIOD,REGION,RURAL/URBAN,SEX,AGE MEAN,STATURE,TMAXLN,HR50AP,HR50ML,HL50AP,HL50ML
Very recent,Scand./Finland,2,1,49,170.7,391,25.1,25.1,25.0,22.9
Very recent,Scand./Finland,2,1,30,163.4,352,22.2,20.2,22.1,19.0
Very recent,Scand./Finland,2,2,50,160.1,346,18.7,19.8,20.1,20.3
Very recent,Scand./Finland,2,2,41,163.8,363,18.7,20.1,18.3,18.8
Very recent,Scand./Finland,2,1,34,171.8,400,23.8,27.5,22.7,26.6
Very recent,Scand./Finland,2,1,34,171.2,386,20.9,23.1,20.9,20.7
Very recent,Scand./Finland,2,2,54,159.5,356,19.9,19.3,20.2,17.6
Very recent,Scand./Finland,2,1,62,167.2,373,22.1,23.2,21.4,22.5
Very recent,Scand./Finland,2,1,73,165.1,370,23.9,24.2,24.3,23.3
Very recent,Scand./Finland,2,1,38,156.8,340,25.0,23.7,24.4,22.2
Very recent,Scand./Finland,2,1,28,163.8,371,25.3,25.5,24.4,24.8
Very recent,Scand./Finland,2,1,81,163.6,355,27.5,22.4,25.1,24.8
Very recent,Scand./Finland,2,1,38,155.9,331,25.1,23.2,23.5,22.7
Very recent,Scand./Finland,2,2,77,155.4,338,20.9,18.0,20.7,17.7
Very recent,Scand./Finland,1,1,44,161.3,344,22.1,20.8,21.7,20.5
Very recent,Scand./Finland,2,1,33,164.8,366,21.4,22.7,21.6,21.8
Very recent,Scand./Finland,2,1,55,172.0,389,24.8,22.1,24.1,21.7
Very recent,Scand./Finland,1,2,22,149.4,320,20.2,18.3,19.7,17.6
Very recent,Scand./Finland,2,1,28,163.2,349,22.2,23.8,20.7,23.1
Very recent,Scand./Finland,2,2,31,147.8,311,19.7,21.6,19.9,20.0
Very recent,Scand./Finland,2,1,45,161.7,355,21.3,22.5,21.6,17.9
Very recent,Scand./Finland,1,1,29,163.6,351,25.1,22.9,23.0,23.9
Very recent,Iberia,2,2,50,156.5,352,20.6,19.9,20.4,20.2
Very recent,Iberia,2,2,56,148.9,332,19.2,18.1,19.4,17.2
Very recent,Iberia,2,1,53,160.2,352,19.1,20.6,18.1,20.1
Very recent,Iberia,2,1,30,165.4,376,21.0,19.5,20.6,18.6
Very recent,Iberia,2,1,55,155.9,340,22.9,22.9,22.8,23.0
Very recent,Iberia,2,1,66,165.3,381,23.9,22.9,24.1,21.2
Very recent,Iberia,2,2,35,144.8,310,19.8,19.4,19.7,19.2
Very recent,Iberia,2,2,44,154.4,345,19.9,18.2,19.4,18.5
Very recent,Iberia,2,1,50,157.7,366,19.2,17.5,18.0,17.3
Very recent,Iberia,2,2,29,155.0,338,19.9,19.1,18.9,18.9
Very recent,Iberia,2,2,65,152.5,333,18.8,18.7,17.7,19.3
Very recent,Iberia,2,2,27,151.7,335,18.7,17.2,18.6,16.1
Very recent,Iberia,2,1,30,174.0,381.5,20.9,19.9,19.8,19.0
Very recent,Iberia,2,1,30,160.3,360.5,21.5,20.4,19.0,18.9
Very recent,Iberia,2,1,29,168.8,371,19.0,16.3,18.6,16.5
Very recent,Iberia,2,1,43,159.8,372,23.6,21.1,23.4,22.1
Very recent,Iberia,2,1,38,162.2,336,19.3,17.9,18.7,16.8
Very recent,Iberia,2,2,51,150.4,319,19.3,19.1,17.8,18.5
Very recent,Iberia,2,1,27,159.1,332,20.5,19.8,19.4,19.9
Very recent,Iberia,2,1,31,164.1,358,19.8,21.9,19.4,21.0
Very recent,Iberia,2,2,21,148.4,328,15.6,14.9,15.9,15.2
Very recent,Iberia,2,2,32,151.4,330.5,15.3,16.4,15.4,16.2
Very recent,Iberia,2,1,50,173.9,394.5,21.8,23.4,21.1,20.4
Very recent,Iberia,2,1,46,164.8,358,20.9,23.3,20.4,22.3
Very recent,Iberia,2,2,62,153.8,348,24.3,20.2,24.1,20.6
Very recent,Iberia,2,2,42,149.2,327,21.0,19.8,19.1,19.9
Very recent,Iberia,2,2,48,152.5,324,19.7,18.5,17.9,17.4
Very recent,Iberia,2,2,25,152.8,329,17.4,18.2,16.4,17.4
Very recent,Iberia,2,1,51,170.8,387,20.8,21.1,21.0,21.6
Very recent,Iberia,2,1,25,178.2,411.5,23.6,23.2,23.6,23.6
Very recent,Iberia,2,1,23,146.8,303,18.0,16.9,18.3,16.6
Very recent,Iberia,2,1,30,159.6,339,19.0,21.9,18.8,21.3
Very recent,Iberia,2,1,50,168.9,369.5,22.6,22.6,23.0,22.0
Very recent,Iberia,2,1,67,147.1,334.5,19.4,20.1,19.1,18.3
Very recent,Iberia,2,1,37,168.3,381,21.1,19.8,20.8,19.9
Very recent,Iberia,2,1,56,163.5,390,20.5,23.2,19.9,22.1
Very recent,Iberia,2,1,43,166.5,366,22.9,21.7,21.9,20.0
Very recent,Iberia,2,2,20,151.4,336,19.4,17.3,18.0,16.6
Very recent,Iberia,2,2,32,160.5,352,18.4,18.4,16.5,17.6
Very recent,Iberia,2,2,55,138.7,297,15.8,14.4,15.7,14.6
Very recent,Iberia,2,2,54,152.3,335.5,19.4,19.1,18.0,19.3
Very recent,Iberia,2,1,44,166.8,364,20.8,20.6,19.9,20.3
Very recent,Iberia,2,2,32,152.1,331.5,17.9,17.7,18.8,16.7
Very recent,Iberia,2,2,25,153.9,336,17.1,17.1,17.7,15.6
Very recent,Iberia,2,2,23,154.3,352,22.1,20.5,20.1,19.0
Very recent,Iberia,2,1,32,156.7,335,22.0,23.1,21.6,22.9
Very recent,Iberia,2,2,41,158.9,349.5,18.5,17.6,18.0,16.9
Very recent,Iberia,2,2,40,149.7,327,19.4,19.3,19.5,19.1
Very recent,Iberia,2,2,47,149.3,336,19.9,19.9,20.8,21.5
Early modern,Britain,2,2,35,157.4,342.5,18.8,20.4,17.6,18.9
Early modern,Britain,2,2,49,160.8,348,19.0,18.6,18.2,18.7
Early modern,Britain,2,1,36,174.0,385,25.3,25.2,23.9,24.2
Early modern,Britain,2,1,34,166.2,383,20.6,21.3,20.9,20.8
Early modern,Britain,2,2,45,156.0,355,18.9,21.3,18.9,21.9
Early modern,Britain,2,2,35,142.1,298,18.5,18.5,18.5,17.7
Early modern,Britain,2,2,23,156.8,356,15.0,17.7,17.1,16.7
Early modern,Britain,2,2,29,155.9,344,18.3,19.4,17.4,18.7
Early modern,Britain,2,1,34,157.9,345,18.2,18.8,18.4,20.7
Early modern,Britain,2,2,29,146.6,299,17.1,17.1,17.4,17.5
Early modern,Britain,2,2,26,150.6,335,18.3,20.1,18.5,18.9
Early modern,Britain,2,2,45,150.2,321,18.6,19.2,19.8,17.9
Early modern,Britain,2,1,39,161.0,348,20.1,22.6,21.3,22.5
Early modern,Britain,2,2,37,159.1,338,17.4,16.5,17.9,15.9
Early modern,Britain,2,2,49,143.9,306,17.8,20.5,20.2,17.6
Early modern,Britain,2,1,21,153.4,321,20.4,20.5,19.6,19.0
Early modern,Britain,2,1,44,159.2,348,21.0,21.1,22.1,19.4
Early modern,Britain,2,1,48,154.4,333,19.1,20.0,19.2,19.2
Early modern,Britain,2,1,46,158.8,360.5,20.5,23.5,22.4,21.8
Early modern,Britain,2,2,46,150.6,336,19.6,19.8,19.8,18.1
Early modern,Britain,2,1,47,163.3,375,23.2,24.0,20.2,23.1
Early modern,Britain,2,2,37,153.9,336.5,19.1,20.6,18.9,19.0
Early modern,Britain,2,1,25,153.2,337,19.8,20.1,20.1,18.9
Early modern,Britain,2,1,27,165.9,376.5,20.4,23.1,20.0,19.5
Early modern,Britain,2,2,41,159.6,363,19.0,18.9,18.4,18.4
Early modern,Britain,2,2,28,151.6,335,20.0,21.1,20.2,19.2
Early modern,Britain,2,2,27,154.8,319,17.0,19.3,18.6,19.6
Early modern,Britain,2,1,49,159.0,345,21.6,21.6,22.7,19.5
Early modern,Britain,2,2,43,160.0,352,17.7,18.5,17.3,18.7
Early modern,Britain,2,2,39,156.9,351,18.1,18.6,18.0,18.6
Early modern,Scand./Finland,2,2,53.1,152.2,320,21.5,20.1,21.2,20.1
Early modern,Scand./Finland,2,1,27.8,161.2,332,23.8,22.0,23.7,21.2
Early modern,Scand./Finland,2,1,45.3,156.6,341,25.4,25.6,25.3,24.7
Early modern,Scand./Finland,2,2,27.7,150.1,330,19.6,22.5,21.4,22.1
Early modern,Scand./Finland,2,2,56.5,149.5,324,22.6,17.7,20.7,18.4
Early modern,Scand./Finland,2,2,52.5,159.7,356,23.2,20.9,22.9,19.3
Early modern,Scand./Finland,2,1,43.8,166.6,375,26.7,23.9,25.2,23.2
Early modern,Scand./Finland,2,1,27,160.1,364,21.8,21.2,22.0,21.0
Early modern,Scand./Finland,2,1,35,158.9,348,23.6,22.3,22.9,22.2
Early modern,Scand./Finland,2,1,29.1,159.9,343,23.8,19.9,23.0,20.0
Early modern,Scand./Finland,2,1,44.2,163.1,361,25.4,22.0,25.2,22.0
Early modern,Scand./Finland,2,2,25.7,159.9,366,21.7,18.2,21.1,18.3
Early modern,Scand./Finland,2,1,40,171.5,377,22.5,21.1,22.8,19.1
Early modern,Scand./Finland,1,2,27.5,163.8,379,19.9,19.2,19.9,20.0
Early modern,Scand./Finland,1,2,36.3,154.2,340,21.2,19.7,20.4,18.5
Early modern,Scand./Finland,1,1,37.2,167.6,384,24.1,24.7,23.4,23.9
Early modern,Scand./Finland,1,2,25.8,156.3,340,18.9,17.3,18.5,18.6
Early modern,Scand./Finland,1,1,41,163.6,347,21.3,21.0,22.3,21.1
Early modern,Scand./Finland,1,1,44.4,167.2,368,22.9,20.8,21.1,21.9
Early modern,Scand./Finland,1,2,27.3,163.7,352.5,20.8,20.7,21.0,20.0
Early modern,Scand./Finland,1,1,26,169.6,395.5,23.2,21.7,23.2,22.9
Early modern,Scand./Finland,1,2,21.5,152.9,318.5,19.4,21.1,19.9,20.2
Early modern,Scand./Finland,1,1,29.2,162.0,361,26.1,22.5,25.4,22.9
Early modern,Scand./Finland,1,1,27.3,179.4,407.5,22.6,22.8,21.0,20.6
Early modern,Scand./Finland,1,1,26.8,166.8,364,25.5,23.2,24.5,22.4
Early modern,Scand./Finland,1,2,38.5,146.8,319,19.8,19.0,19.3,18.8
Early modern,Scand./Finland,1,2,36.4,162.6,374,28.7,16.2,19.2,19.0
Early modern,Scand./Finland,1,1,46.9,155.7,346,23.8,22.3,22.9,23.3
Early modern,Scand./Finland,1,1,40.9,176.5,410,24.3,21.9,23.8,21.6
Early modern,Scand./Finland,1,2,51.6,155.5,336,22.5,18.2,21.1,19.2
Early modern,Scand./Finland,1,1,31.4,164.5,358,25.0,24.0,25.0,23.3
Late Medieval,Scand./Finland,2,2,49.5,150.8,325,18.5,18.7,17.8,18.4
Late Medieval,Scand./Finland,2,2,49.5,156.2,327,18.8,20.7,19.3,20.6
Late Medieval,Scand./Finland,2,1,29.5,176.4,395,23.7,24.1,22.4,21.9
Late Medieval,Scand./Finland,2,1,29.5,174.5,394,21.6,22.6,21.2,20.9
Late Medieval,Scand./Finland,2,1,22.5,172.6,380,23.9,19.7,23.7,19.4
Late Medieval,Scand./Finland,2,2,29.5,160.9,356,20.2,19.7,19.2,19.2
Late Medieval,Scand./Finland,2,1,49.5,168.7,370,21.9,21.9,22.1,22.0
Late Medieval,Scand./Finland,2,2,49.5,155.9,336,20.5,20.1,19.4,20.1
Late Medieval,Scand./Finland,2,2,49.5,163.8,346,19.8,21.2,18.3,18.9
Late Medieval,Scand./Finland,2,2,49.5,167.4,371,20.0,20.0,19.0,20.0
Late Medieval,Scand./Finland,2,1,49.5,166.2,360,20.1,21.4,19.4,20.3
Late Medieval,Scand./Finland,2,1,29.5,172.1,373,20.3,22.3,21.7,21.2
Late Medieval,Scand./Finland,2,1,29.5,179.3,402,19.5,22.5,20.6,21.4
Late Medieval,Scand./Finland,2,2,49.5,153.8,334,21.1,18.8,20.8,18.5
Late Medieval,Scand./Finland,2,1,49.5,164.9,343,23.1,23.4,23.7,22.1
Late Medieval,Scand./Finland,2,2,29.5,158.6,341,19.0,19.2,19.1,18.4
Late Medieval,Scand./Finland,2,2,29.5,160.6,362,20.4,21.9,20.5,21.0
Late Medieval,Scand./Finland,2,1,29.5,172.9,394.5,22.7,21.8,23.4,21.8
Late Medieval,Scand./Finland,2,1,29.5,153.1,346,22.5,20.6,21.2,20.0
Late Medieval,Scand./Finland,2,1,29.5,173.5,396,21.4,21.8,21.1,20.8
Late Medieval,Scand./Finland,2,1,29.5,170.8,405,21.3,22.2,20.1,20.5
Late Medieval,Scand./Finland,2,2,29.5,158.9,355,21.2,19.2,24.6,21.1
Late Medieval,N.-Cen. Europe,2,2,32.5,165.1,351,19.0,18.6,18.1,17.6
Late Medieval,N.-Cen. Europe,2,1,35,163.6,362,22.4,21.4,22.1,21.5
Late Medieval,N.-Cen. Europe,2,2,40,159.4,345,20.5,20.1,19.4,19.5
Late Medieval,N.-Cen. Europe,2,1,47.5,170.9,383,23.5,23.6,24.1,22.7
Late Medieval,N.-Cen. Europe,2,1,32.5,167.1,362,22.4,22.9,22.8,22.7
Late Medieval,N.-Cen. Europe,2,1,35,175.6,401,21.7,22.1,21.4,21.4
Late Medieval,N.-Cen. Europe,2,1,27.5,169.6,365,24.5,24.6,23.1,24.5
Late Medieval,N.-Cen. Europe,2,1,50,166.5,370,20.8,19.8,20.8,20.3
Late Medieval,N.-Cen. Europe,2,2,30,163.0,354,21.1,23.5,17.6,22.3
Late Medieval,N.-Cen. Europe,2,1,47.5,175.3,397,23.0,21.4,22.5,20.9
Late Medieval,N.-Cen. Europe,2,2,30,158.4,350,19.7,19.9,19.4,20.1
Late Medieval,N.-Cen. Europe,2,1,32.5,167.4,387,25.5,24.4,27.1,25.1
Late Medieval,N.-Cen. Europe,2,2,30,154.6,335,18.3,20.1,19.4,19.5
Late Medieval,N.-Cen. Europe,2,1,50,173.3,388,22.3,22.9,22.2,21.6
Late Medieval,N.-Cen. Europe,2,1,55,164.8,367,22.4,23.7,21.8,22.0
Late Medieval,N.-Cen. Europe,2,1,50,182.1,426.5,23.5,19.4,22.8,19.9
Late Medieval,N.-Cen. Europe,2,2,35,161.6,350,19.6,19.4,18.7,19.4
Late Medieval,N.-Cen. Europe,2,1,45,174.7,397,21.7,22.2,20.7,21.8
Late Medieval,N.-Cen. Europe,2,1,45,163.9,357.5,21.5,18.8,20.4,18.3
Late Medieval,N.-Cen. Europe,2,2,35,158.0,346,19.4,18.1,18.2,18.6
Late Medieval,N.-Cen. Europe,2,1,50,166.0,374,21.8,20.2,20.7,18.3
Late Medieval,N.-Cen. Europe,2,2,55,158.1,345,20.6,20.6,19.7,18.8
Late Medieval,N.-Cen. Europe,2,2,35,164.6,337,16.2,17.1,16.1,18.4
Late Medieval,N.-Cen. Europe,2,2,45,149.0,314,17.5,19.8,18.1,18.3
Late Medieval,N.-Cen. Europe,2,1,50,175.6,402,24.9,21.5,22.2,20.5
Late Medieval,N.-Cen. Europe,2,1,40,165.4,365,20.9,21.8,19.9,20.1
Late Medieval,N.-Cen. Europe,2,1,55,157.2,332,19.6,20.2,18.6,19.6
Late Medieval,N.-Cen. Europe,2,1,35,163.9,357,20.6,19.9,21.6,18.9
Late Medieval,N.-Cen. Europe,2,1,35,161.8,357.5,18.1,18.2,17.8,18.1
Late Medieval,N.-Cen. Europe,2,2,55,152.3,330,19.5,21.3,19.1,19.4
Late Medieval,N.-Cen. Europe,2,1,35,174.7,389,23.3,24.6,21.0,21.3
Late Medieval,N.-Cen. Europe,2,2,35,148.9,315.5,19.3,18.8,18.4,18.7
Late Medieval,N.-Cen. Europe,2,1,45,162.5,356,23.1,24.2,21.3,22.2
Late Medieval,N.-Cen. Europe,2,1,35,161.9,352,22.5,21.4,21.6,21.0
Late Medieval,N.-Cen. Europe,2,2,25,156.2,340,20.2,19.6,19.8,19.2
Late Medieval,N.-Cen. Europe,2,2,35,157.5,336,19.6,20.2,18.3,19.3
Late Medieval,N.-Cen. Europe,1,1,55,173.0,417,24.1,23.8,23.9,22.2
Late Medieval,Iberia,2,1,65,170.1,398,21.6,19.4,21.5,19.1
Late Medieval,Iberia,2,2,32.5,160.3,368,19.4,19.7,19.0,19.0
Late Medieval,Iberia,2,2,30,153.7,343,21.6,20.0,22.6,18.9
Late Medieval,Iberia,2,1,55,169.4,377,24.4,24.1,23.2,21.7
Late Medieval,Iberia,2,2,27.5,160.1,359.5,19.9,16.1,19.8,17.3
Late Medieval,Iberia,2,1,65,165.4,367,18.7,21.1,20.5,21.9
Late Medieval,Iberia,2,1,55,165.1,376,20.4,20.8,19.8,19.2
Late Medieval,Iberia,2,1,27.5,175.4,401,23.3,21.0,26.3,24.3
Late Medieval,Iberia,2,1,27.7,158.6,343.5,21.6,23.4,20.0,21.2
Late Medieval,Iberia,2,2,55,152.3,336,17.5,19.2,17.0,16.5
Late Medieval,Iberia,2,1,21,157.2,344,19.0,15.6,17.6,15.6
Late Medieval,Iberia,2,1,60,165.9,371,21.9,22.3,22.2,23.1
Late Medieval,Iberia,2,1,55,170.0,390,25.3,26.2,25.3,25.7
Late Medieval,Iberia,2,2,45,159.0,365,20.6,18.3,19.9,18.4
Late Medieval,Iberia,2,2,65,157.0,346,20.1,15.3,20.3,16.2
Late Medieval,Iberia,2,2,45,152.0,345.5,19.8,20.2,20.5,19.7
Late Medieval,Iberia,2,2,42.5,165.3,371.5,20.7,20.8,21.6,19.5
Late Medieval,Iberia,1,2,27.5,156.7,345,18.6,17.9,18.6,17.0
Late Medieval,Iberia,1,1,30,167.0,384.5,22.7,23.0,22.0,21.9
Late Medieval,Iberia,1,1,35,167.5,386.5,26.5,24.2,26.0,25.6
Late Medieval,Iberia,1,2,29.5,163.6,369,19.6,21.9,20.1,21.6
Late Medieval,Iberia,1,1,32.5,168.6,396,24.0,23.5,24.8,22.3
Late Medieval,Iberia,1,1,30,170.1,390,24.1,24.3,25.1,24.3
Late Medieval,Iberia,1,2,37.5,160.8,356,20.7,20.5,21.0,20.4
Late Medieval,Iberia,1,1,45,165.3,367,24.0,26.5,25.0,25.6
Late Medieval,Iberia,1,1,32.5,164.3,370,24.3,23.1,24.2,23.1
Late Medieval,Iberia,1,1,37.5,167.2,380,23.5,21.4,24.0,23.6
Late Medieval,Iberia,1,1,35,170.5,392,26.8,25.4,26.5,23.5
Late Medieval,Iberia,1,1,55,168.1,380,23.9,22.8,22.6,21.8
Late Medieval,Iberia,1,1,35,159.8,347,21.9,21.9,20.7,21.2
Late Medieval,Iberia,1,2,31,148.4,327,20.2,17.4,19.8,18.2
Late Medieval,Balkans,1,1,29.5,176.8,431,24.5,25.0,23.3,24.9
Late Medieval,Balkans,1,2,21,154.4,333,16.9,17.1,17.3,17.2
Late Medieval,Balkans,1,1,29.5,175.4,429,28.8,27.0,27.9,26.0
Late Medieval,Balkans,1,1,24,165.0,376,23.4,25.8,23.0,21.8
Late Medieval,Balkans,1,1,27,165.3,383,21.5,24.0,21.3,22.1
Late Medieval,Balkans,1,1,40,170.6,398,23.1,23.3,21.5,21.4
Late Medieval,Balkans,1,1,32,166.6,369,24.1,25.8,24.0,24.5
Late Medieval,Balkans,1,1,24,168.3,383,23.8,26.8,24.5,23.7
Late Medieval,Balkans,1,1,32,162.4,359.5,22.4,24.2,24.0,21.3
Late Medieval,Balkans,1,2,27.5,162.6,375,18.4,17.5,17.6,16.9
Late Medieval,Balkans,1,1,22,165.6,374.5,23.4,23.8,23.5,22.7
Late Medieval,Balkans,1,1,40,172.4,421,22.1,24.5,21.4,22.9
Late Medieval,Balkans,1,1,44.5,170.9,400,24.5,23.7,21.7,21.8
Late Medieval,Balkans,1,2,55,156.4,350,22.1,21.1,22.8,20.9
Late Medieval,Balkans,1,1,40,168.9,386,21.3,22.0,21.0,20.9
Late Medieval,Balkans,1,2,29.5,161.0,375,19.9,21.8,20.0,20.3
Late Medieval,Balkans,1,2,40,157.9,343,20.8,23.5,20.8,21.3
Late Medieval,Balkans,1,2,26,161.6,360,19.8,21.5,19.8,20.4
Late Medieval,Balkans,1,2,25.5,164.1,378.5,22.9,25.5,21.6,25.8
Late Medieval,Balkans,1,2,44.5,162.6,355,21.8,21.3,21.4,21.9
Late Medieval,Balkans,1,2,24,167.3,368,23.3,21.3,22.6,22.9
Late Medieval,Balkans,1,1,29.5,166.6,379,22.9,23.6,24.5,22.4
Late Medieval,Balkans,1,2,24,153.3,348,18.2,18.2,18.0,18.4
Late Medieval,Balkans,1,2,27,153.5,334.5,21.4,21.2,20.9,19.9
Late Medieval,Balkans,1,1,44.5,158.6,344,21.1,21.9,21.8,20.2
Late Medieval,Balkans,1,2,32,150.5,323.5,19.3,20.7,18.7,18.8
Late Medieval,Balkans,1,2,24,161.1,363,20.9,19.5,21.3,19.4
Late Medieval,Balkans,1,2,44.5,164.0,395,20.9,22.1,20.4,22.1
Late Medieval,Balkans,1,1,32,179.9,419,22.8,22.7,22.3,22.8
Late Medieval,Balkans,1,2,32,165.1,373,22.2,18.7,22.1,18.7
Late Medieval,Balkans,1,1,44.5,170.0,404,23.8,24.6,24.4,23.9
Late Medieval,Balkans,1,1,27.5,162.6,363,22.3,22.0,22.0,21.4
Late Medieval,Balkans,1,1,40,167.2,374,23.2,19.9,21.7,20.8
Late Medieval,Balkans,1,2,32,157.6,345.5,21.3,20.4,20.2,19.3
Late Medieval,Balkans,1,2,32,160.1,353,21.8,19.9,19.5,19.3
Late Medieval,Balkans,1,1,44.5,175.0,411.5,22.2,25.4,21.0,22.3
Late Medieval,Balkans,1,1,27,168.3,393,25.0,25.0,23.6,25.6
Late Medieval,Balkans,1,2,65,157.5,357,19.2,19.0,16.2,19.3
Late Medieval,Balkans,1,2,25,159.2,358,22.6,20.9,23.2,21.9
Late Medieval,Balkans,1,1,27.5,165.4,376,23.7,24.9,22.3,24.0
Late Medieval,Balkans,1,2,65,155.3,349,23.0,20.8,22.3,22.1
Late Medieval,Balkans,1,2,55,168.7,387,24.1,22.3,22.7,22.3
Late Medieval,Balkans,1,2,55,162.4,356,20.7,18.8,17.6,19.8
Late Medieval,Balkans,1,1,23,161.2,364,22.3,23.3,22.1,23.6
Late Medieval,Balkans,1,2,55,157.7,356,23.9,19.9,24.3,23.4
Late Medieval,Balkans,1,1,23,154.1,334,22.3,22.4,20.1,20.5
Late Medieval,Balkans,1,1,37,166.5,375,23.2,27.3,23.1,24.3
Late Medieval,Balkans,1,1,44.5,175.7,425,24.4,23.8,23.5,23.2
Late Medieval,Balkans,1,2,29.5,152.8,340,21.2,17.6,21.1,18.6
Late Medieval,Balkans,1,1,24,171.3,405,21.7,22.7,20.4,21.8
Late Medieval,Balkans,1,2,50,162.9,356,22.3,20.0,22.5,19.4
Late Medieval,Balkans,1,1,27,174.1,417.5,22.8,23.2,22.3,22.7
Early Medieval,N.-Cen. Europe,1,2,50,158.4,353,23.4,23.1,22.8,21.9
Early Medieval,N.-Cen. Europe,1,2,35,156.7,342,20.6,18.8,18.9,18.9
Early Medieval,N.-Cen. Europe,1,1,45,165.6,381,22.0,22.4,21.5,22.6
Early Medieval,N.-Cen. Europe,1,2,45,173.2,413,22.5,21.6,21.1,20.5
Early Medieval,N.-Cen. Europe,1,1,45,171.1,396,23.0,22.3,22.6,21.4
Early Medieval,N.-Cen. Europe,1,1,25,168.4,377.5,22.5,22.1,22.1,20.9
Early Medieval,N.-Cen. Europe,1,2,50,159.2,357,21.2,21.3,18.8,20.8
Early Medieval,N.-Cen. Europe,1,1,35,171.8,388,21.8,21.3,20.1,20.3
Early Medieval,N.-Cen. Europe,1,2,45,150.6,317,18.5,18.2,18.8,17.9
Early Medieval,N.-Cen. Europe,1,1,30,167.6,374,23.2,21.4,22.5,19.9
Early Medieval,N.-Cen. Europe,2,2,45,155.2,336,21.1,19.8,20.8,17.5
Early Medieval,N.-Cen. Europe,2,1,55,163.4,371,24.2,24.0,23.9,21.9
Early Medieval,N.-Cen. Europe,2,1,35,173.9,388,22.3,25.8,22.4,22.9
Early Medieval,N.-Cen. Europe,2,1,55,174.1,399,22.6,25.9,22.5,23.0
Early Medieval,N.-Cen. Europe,2,2,45,156.9,356,23.1,22.5,24.5,21.9
Early Medieval,N.-Cen. Europe,2,1,45,171.3,377,26.1,24.7,23.3,22.2
Early Medieval,N.-Cen. Europe,2,1,45,175.5,389,24.1,27.3,23.0,24.9
Early Medieval,N.-Cen. Europe,2,2,45,168.4,377,19.1,22.5,18.8,20.4
Early Medieval,N.-Cen. Europe,2,1,65,164.4,370,21.3,23.4,20.3,22.0
Early Medieval,N.-Cen. Europe,2,1,50,162.4,372,21.7,24.2,21.7,20.6
Early Medieval,N.-Cen. Europe,2,2,45,157.4,350,19.3,20.4,19.1,18.3
Early Medieval,N.-Cen. Europe,2,1,45,162.3,373,25.1,24.3,24.5,22.8
Early Medieval,N.-Cen. Europe,2,1,45,180.7,427,24.5,23.7,22.4,23.2
Early Medieval,N.-Cen. Europe,2,1,35,169.8,384,23.9,24.9,22.8,22.7
Early Medieval,N.-Cen. Europe,2,1,45,170.2,382,23.0,27.0,21.9,22.7
Early Medieval,N.-Cen. Europe,2,1,45,167.7,372,19.6,21.0,18.1,18.6
Early Medieval,N.-Cen. Europe,2,1,55,164.7,363,23.7,22.8,22.6,20.5
Early Medieval,N.-Cen. Europe,2,2,35,152.8,344,19.9,19.8,20.3,17.5
Early Medieval,N.-Cen. Europe,2,1,55,179.8,412,22.4,23.9,20.9,22.4
Early Medieval,N.-Cen. Europe,2,2,45,164.9,375,21.8,21.1,20.9,19.5
Early Medieval,N.-Cen. Europe,2,1,45,185.5,447,24.8,27.9,24.1,26.4
Early Medieval,N.-Cen. Europe,2,1,55,178.5,424,23.3,21.2,21.9,17.8
Early Medieval,N.-Cen. Europe,2,1,45,170.6,386,23.8,24.5,22.8,20.9
Early Medieval,N.-Cen. Europe,2,2,35,164.0,363,18.9,18.4,18.4,17.7
Early Medieval,N.-Cen. Europe,2,1,35,182.9,409,21.1,24.3,19.8,21.6
Early Medieval,N.-Cen. Europe,2,2,45,159.7,348,21.9,20.9,21.0,19.4
Early Medieval,N.-Cen. Europe,2,2,25,164.5,364,19.4,19.6,18.9,17.7
Early Medieval,N.-Cen. Europe,2,1,25,162.0,351,20.7,22.6,21.3,19.6
Early Medieval,N.-Cen. Europe,2,1,55,173.1,377,22.3,26.7,21.0,24.9
Early Medieval,N.-Cen. Europe,2,1,25,173.6,372,20.9,22.5,20.7,19.5
Early Medieval,N.-Cen. Europe,2,2,45,153.7,332,18.8,18.8,17.1,18.2
Early Medieval,N.-Cen. Europe,2,1,55,173.8,383,21.3,25.0,20.5,23.5
Early Medieval,N.-Cen. Europe,2,2,35,156.1,351,20.4,18.1,19.6,15.9
Early Medieval,N.-Cen. Europe,2,2,35,160.3,359,18.7,19.6,18.8,17.4
Early Medieval,N.-Cen. Europe,2,1,55,175.7,407,26.6,27.5,24.2,23.9
Early Medieval,N.-Cen. Europe,2,1,45,160.7,367,19.4,21.6,18.9,19.9
Early Medieval,N.-Cen. Europe,2,2,35,160.8,354,19.3,21.0,19.4,18.0
Early Medieval,N.-Cen. Europe,2,1,45,161.9,340,23.1,24.7,21.6,22.1
Early Medieval,N.-Cen. Europe,2,1,45,164.1,364,19.1,20.2,18.7,18.7
Early Medieval,N.-Cen. Europe,2,1,40,166.3,379,24.6,24.1,23.4,23.3
Early Medieval,N.-Cen. Europe,2,2,22.5,153.3,330,19.5,20.0,20.1,19.0
Early Medieval,N.-Cen. Europe,2,2,42.5,149.0,334,19.4,19.1,18.9,18.2
Early Medieval,N.-Cen. Europe,2,1,35,171.0,388,23.1,22.6,21.0,20.3
Early Medieval,N.-Cen. Europe,2,2,35,149.0,316,20.7,19.2,19.6,18.8
Early Medieval,N.-Cen. Europe,2,1,42.5,162.1,356,23.0,23.1,22.5,21.4
Early Medieval,N.-Cen. Europe,2,2,42.5,151.3,325,18.6,19.4,17.7,18.6
Early Medieval,N.-Cen. Europe,2,1,42.5,166.4,367,24.0,22.4,22.7,19.1
Early Medieval,N.-Cen. Europe,2,2,42.5,149.7,315,19.4,17.3,19.7,16.4
Early Medieval,N.-Cen. Europe,2,1,55,175.9,421,22.6,24.2,23.0,23.0
Early Medieval,N.-Cen. Europe,1,1,40,172.4,411,21.2,21.2,20.9,19.7
Early Medieval,N.-Cen. Europe,1,2,37.5,163.8,360,18.9,18.3,19.8,17.3
Early Medieval,N.-Cen. Europe,1,1,45,170.2,392,25.2,24.6,22.5,23.4
Early Medieval,N.-Cen. Europe,1,1,30,174.5,398,23.3,20.4,23.3,20.5
Early Medieval,N.-Cen. Europe,1,2,65,157.8,347,19.4,18.4,17.8,17.9
Early Medieval,N.-Cen. Europe,1,1,50,156.8,341,23.5,21.3,24.1,20.5
Early Medieval,N.-Cen. Europe,1,1,30,172.6,387,20.9,21.4,20.9,18.4
Early Medieval,N.-Cen. Europe,1,2,40,154.4,348,18.7,19.7,19.1,19.8
Early Medieval,N.-Cen. Europe,1,1,40,165.4,374,24.8,23.9,22.8,21.6
Early Medieval,N.-Cen. Europe,1,2,30,163.5,354,20.0,18.8,19.7,18.5
Early Medieval,N.-Cen. Europe,1,2,25,153.3,337,19.9,20.1,19.0,16.2
Early Medieval,N.-Cen. Europe,1,1,42.5,158.0,351,20.1,22.6,19.7,21.1
Early Medieval,N.-Cen. Europe,1,1,52.5,172.2,376,21.5,23.6,20.9,22.8
Early Medieval,N.-Cen. Europe,1,1,52.5,166.5,377,22.3,26.3,19.4,24.5
Early Medieval,N.-Cen. Europe,1,2,21,158.4,344,19.7,19.9,18.7,18.7
Early Medieval,N.-Cen. Europe,1,1,50,162.3,361,22.6,26.1,22.1,23.9
Early Medieval,N.-Cen. Europe,1,1,35,170.5,401,23.9,24.6,24.1,24.1
Early Medieval,N.-Cen. Europe,1,2,35,160.0,352,19.0,20.4,20.6,19.2
Early Medieval,N.-Cen. Europe,1,1,25,168.9,378,22.7,21.4,22.8,21.7
Early Medieval,N.-Cen. Europe,1,1,52.5,158.1,348,24.2,25.9,23.1,24.0
Early Medieval,N.-Cen. Europe,1,1,28,159.2,354,21.8,23.3,21.7,22.1
Early Medieval,N.-Cen. Europe,1,2,60,164.2,376,20.0,19.1,18.9,17.9
Early Medieval,N.-Cen. Europe,1,1,52.5,170.7,387,24.6,21.8,24.5,22.8
Early Medieval,N.-Cen. Europe,1,1,60,160.2,350,23.8,22.7,22.9,21.3
Early Medieval,N.-Cen. Europe,1,1,50,157.6,344,20.8,20.3,21.2,18.5
Early Medieval,N.-Cen. Europe,1,1,60,163.7,374,21.6,23.8,20.9,22.5
Early Medieval,N.-Cen. Europe,1,2,52.5,156.2,338,20.1,19.5,18.2,18.5
Early Medieval,N.-Cen. Europe,1,2,60,161.3,362,17.9,19.6,16.9,18.0
Early Medieval,N.-Cen. Europe,1,2,30,158.4,358,19.6,19.6,18.5,17.6
Early Medieval,N.-Cen. Europe,1,2,45,150.1,339,20.8,20.6,20.0,20.1
Early Medieval,N.-Cen. Europe,1,1,45,149.5,323,21.2,21.2,20.9,20.1
Early Medieval,N.-Cen. Europe,1,1,40,166.5,376,24.5,24.2,22.3,24.3
Early Medieval,N.-Cen. Europe,1,1,40,166.6,376,23.3,23.9,21.4,22.5
Early Medieval,N.-Cen. Europe,1,2,60,157.9,348,22.9,21.4,22.2,20.3
Early Medieval,N.-Cen. Europe,1,2,55,156.9,344,20.2,21.5,20.3,21.9
Early Medieval,N.-Cen. Europe,1,1,42.5,167.2,371,27.9,24.0,26.5,23.5
Early Medieval,N.-Cen. Europe,1,1,55,155.8,342,24.5,24.7,24.3,23.1
Early Medieval,N.-Cen. Europe,1,1,52.5,166.0,372,21.0,19.5,18.7,19.7
Early Medieval,N.-Cen. Europe,1,1,42.5,159.1,352,22.2,23.7,21.3,22.1
Early Medieval,N.-Cen. Europe,1,1,37.5,165.4,368,22.4,25.1,20.3,23.9
Early Medieval,N.-Cen. Europe,1,2,35,161.5,359,19.8,17.6,19.1,17.1
Early Medieval,N.-Cen. Europe,1,1,50,156.3,338,21.1,22.3,21.2,21.7
Early Medieval,N.-Cen. Europe,1,2,30,155.6,341,19.2,19.2,18.8,17.3
Early Medieval,N.-Cen. Europe,1,1,40,169.9,381,25.9,25.5,25.2,25.3
Early Medieval,Iberia,1,1,42.5,170.9,395,26.5,27.6,26.6,26.1
Early Medieval,Iberia,1,1,32.5,156.5,362,22.8,24.7,22.4,22.7
Early Medieval,Iberia,1,2,30.5,152.4,325,17.8,17.4,17.1,16.6
Early Medieval,Iberia,1,2,35,160.6,362,20.4,21.4,21.0,18.6
Early Medieval,Iberia,1,1,37.5,165.2,368,22.0,21.4,23.5,21.9
Early Medieval,Iberia,1,1,32.5,158.0,350,22.4,21.8,22.5,22.1
Early Medieval,Iberia,1,1,40,166.9,382,21.6,21.6,20.3,21.3
Early Medieval,Iberia,1,2,55,165.1,380,19.3,18.2,18.8,18.9
Early Medieval,Iberia,1,1,30.5,166.5,376,22.9,21.3,24.0,20.4
Early Medieval,Iberia,1,2,55,152.9,359,18.3,18.4,18.1,18.0
Early Medieval,Iberia,1,1,45,160.6,366,24.1,25.9,22.9,23.9
Early Medieval,Iberia,1,2,45,151.3,336,21.1,19.0,21.1,19.6
Early Medieval,Iberia,1,1,45,157.0,351,22.5,23.5,23.1,22.6
Early Medieval,Iberia,1,1,40,161.0,355,23.1,21.8,22.2,22.0
Early Medieval,Iberia,1,1,45,167.1,376,24.0,21.6,22.7,21.5
Early Medieval,Iberia,1,2,26.5,154.1,346,21.1,20.1,21.3,19.9
Early Medieval,Iberia,1,2,32.5,150.9,337,19.5,20.0,19.7,19.2
Early Medieval,Iberia,1,2,37.5,155.3,342.5,21.5,18.6,21.6,20.0
Early Medieval,Iberia,1,1,35,172.9,416,23.6,25.0,24.7,24.3
Early Medieval,Iberia,1,1,21,156.7,357,22.3,20.3,20.8,21.2
Early Medieval,Iberia,1,2,55,155.6,339,20.9,19.0,20.3,17.5
Early Medieval,Iberia,1,1,32.5,170.3,391,23.6,21.0,23.9,20.3
Early Medieval,Iberia,1,1,30,167.8,390,24.3,22.9,23.8,23.0
Early Medieval,Iberia,1,1,27.5,154.5,346,23.3,23.3,23.2,21.9
Early Medieval,Iberia,1,1,27.5,168.7,390,22.3,21.4,22.0,19.6
Early Medieval,Iberia,1,1,23.5,164.9,379,22.5,23.3,20.8,21.3
Early Medieval,Iberia,1,2,26.5,154.6,348,18.8,18.9,18.2,18.5
Early Medieval,Iberia,1,1,23.5,163.8,347.5,23.8,20.4,23.6,19.3
Early Medieval,Iberia,1,1,27.5,175.2,408,26.0,21.8,23.1,22.0
Early Medieval,Iberia,1,1,42.5,163.7,365,22.0,21.5,21.6,20.0
Early Medieval,Iberia,1,2,35,159.7,362,21.0,19.6,18.9,20.0
Early Medieval,Iberia,1,2,22.5,161.9,368,18.9,17.1,19.0,16.8
Early Medieval,Iberia,1,1,45,174.4,390,25.3,21.7,26.3,22.7
Early Medieval,Iberia,1,1,35,166.6,375,23.9,23.1,23.1,23.5
Early Medieval,Iberia,1,2,25.5,153.4,330,20.2,19.4,20.9,19.0
Early Medieval,Iberia,1,2,23,158.3,343,19.2,19.8,18.2,18.6
Early Medieval,Iberia,1,2,50,160.7,336,21.3,19.9,20.6,18.6
Early Medieval,Iberia,1,1,27.5,168.8,401,22.1,23.2,20.8,21.8
Early Medieval,Iberia,1,2,19,152.4,345,20.5,17.2,19.5,19.0
Early Medieval,Iberia,1,1,37.5,168.7,386,24.3,22.5,25.5,22.5
Early Medieval,Iberia,1,1,45,162.9,362,23.7,20.3,21.8,19.6
Early Medieval,Iberia,1,2,35,155.5,338,19.9,21.5,20.4,20.1
Early Medieval,Iberia,1,2,37.5,168.9,369,20.0,20.2,20.1,19.6
Iron/Roman,Britain,2,2,40,158.0,339,20.9,22.9,20.4,22.9
Iron/Roman,Britain,2,1,47.5,180.8,406,29.4,31.3,28.5,26.9
Iron/Roman,Britain,2,2,20,155.4,319,16.6,18.4,16.9,17.5
Iron/Roman,Britain,2,2,20,155.2,325.5,19.3,17.7,20.6,17.5
Iron/Roman,Britain,2,1,30,161.2,361,21.0,23.0,23.5,20.2
Iron/Roman,Britain,2,1,40,162.4,340,22.7,19.6,23.4,18.5
Iron/Roman,Britain,2,1,25,165.3,360,24.4,22.5,24.7,20.5
Iron/Roman,Britain,2,2,35,150.7,319,17.3,18.7,18.2,17.6
Iron/Roman,Britain,2,1,30,159.3,337,23.6,23.4,23.6,22.8
Iron/Roman,Britain,2,1,30,182.3,406,26.7,25.1,25.9,25.3
Iron/Roman,Britain,2,1,35,173.0,369,25.1,21.2,25.1,21.1
Iron/Roman,Britain,2,1,25,157.5,345,21.0,18.6,20.9,18.2
Iron/Roman,Britain,2,1,27.5,156.9,356,21.3,21.2,21.3,20.2
Iron/Roman,Britain,2,2,40,150.8,327.5,20.5,19.1,19.9,19.3
Iron/Roman,Britain,2,2,20,156.2,336.5,19.0,20.7,19.3,19.1
Iron/Roman,Britain,2,1,40,163.9,360.5,21.4,21.6,21.1,19.4
Iron/Roman,Britain,2,1,22.5,153.7,337,19.2,17.1,18.8,16.2
Iron/Roman,Britain,2,1,40,168.2,370,25.8,24.6,23.7,23.5
Iron/Roman,Britain,2,1,37.5,160.9,337,23.9,22.6,23.4,22.5
Iron/Roman,Britain,2,2,20,154.3,331.5,18.9,18.0,18.0,18.9
Iron/Roman,Britain,2,2,30,161.5,341,18.5,19.9,19.4,19.1
Iron/Roman,Britain,2,2,25,160.7,338.5,21.2,21.1,21.0,20.4
Iron/Roman,Britain,2,2,30,145.5,312,20.0,19.6,19.4,19.9
Iron/Roman,Britain,2,2,40,149.8,322.5,16.2,18.9,16.4,18.0
Iron/Roman,Britain,2,2,25,158.3,352,18.6,19.6,18.7,18.0
Iron/Roman,Britain,2,2,25,159.8,351,19.6,18.1,21.1,17.8
Iron/Roman,Britain,2,1,30,159.2,342,22.5,25.0,22.2,23.6
Iron/Roman,Britain,2,2,27.5,151.6,329.5,18.6,19.4,19.2,18.7
Iron/Roman,Britain,2,2,35,160.3,347,20.3,20.4,22.9,18.3
Iron/Roman,Britain,2,1,30,163.2,357,22.3,21.6,23.2,20.4
Iron/Roman,Britain,2,1,50,167.6,378.5,26.9,25.4,27.0,24.3
Iron/Roman,Britain,2,1,30,161.0,339,21.6,22.6,21.9,22.1
Iron/Roman,Britain,2,2,25,155.6,332,20.5,18.3,19.4,17.9
Iron/Roman,Britain,2,1,25,159.5,345,25.3,21.6,17.3,18.2
Iron/Roman,Britain,2,2,30,152.1,328,20.6,19.1,20.9,17.1
Iron/Roman,Britain,2,2,35,151.7,327,19.9,18.5,19.8,18.9
Iron/Roman,Britain,1,1,25,158.4,328,24.0,21.9,22.7,21.1
Iron/Roman,Britain,1,2,40,173.1,358,24.1,24.8,23.8,24.1
Iron/Roman,Britain,1,2,40,161.6,355,20.1,20.9,20.2,21.0
Iron/Roman,Britain,1,2,40,159.6,367,22.0,21.0,21.9,20.2
Iron/Roman,Britain,1,2,52.5,156.9,347,22.1,19.9,22.1,16.4
Iron/Roman,Britain,1,2,65,161.2,351,24.1,22.6,22.8,19.2
Iron/Roman,Britain,1,1,22,154.8,320.5,22.3,22.0,23.3,19.6
Iron/Roman,Britain,1,2,45,156.2,334,20.1,19.5,20.7,18.5
Iron/Roman,Britain,1,1,40,177.7,385,22.1,21.7,22.1,19.1
Iron/Roman,Britain,1,1,40,165.5,362,19.1,23.1,19.6,19.3
Iron/Roman,Britain,1,1,45,160.8,343,21.0,20.6,20.4,20.5
Iron/Roman,Britain,1,2,20,152.6,327,16.7,18.0,16.6,15.6
Iron/Roman,Britain,1,1,30,159.2,343.5,21.4,23.9,20.4,21.8
Iron/Roman,Britain,1,1,30,163.0,356.5,23.9,24.0,23.1,22.6
Iron/Roman,Britain,1,1,23.5,169.7,376,23.3,23.9,22.9,21.1
Iron/Roman,Britain,1,1,55,165.6,379,20.9,21.7,19.5,18.9
Iron/Roman,Britain,1,2,27,153.7,328,20.7,18.1,19.6,18.4
Iron/Roman,Britain,1,1,22,166.8,368,21.3,20.8,19.7,19.1
Iron/Roman,Britain,1,2,65,155.4,340,20.3,17.7,19.7,17.4
Iron/Roman,Britain,1,2,20,161.9,356,18.9,17.6,18.2,16.7
Iron/Roman,Britain,1,1,22.5,164.8,370,19.7,24.8,20.1,20.4
Iron/Roman,Britain,1,2,40,158.7,334,17.3,19.2,18.2,19.4
Iron/Roman,Britain,1,2,32,160.7,358.5,21.2,19.9,20.9,20.3
Iron/Roman,Britain,1,1,27,160.4,350.5,19.6,21.1,19.8,19.0
Iron/Roman,Britain,1,1,40,168.9,379,19.4,21.6,19.2,20.4
Iron/Roman,Britain,1,1,32,162.6,361,22.7,23.4,23.1,21.6
Iron/Roman,Britain,1,2,27,158.7,338,20.1,19.5,20.8,17.5
Iron/Roman,Britain,1,2,27,161.2,352,21.0,21.4,19.6,22.5
Iron/Roman,Britain,1,1,40,165.7,369.5,20.9,21.9,19.7,20.2
Iron/Roman,Britain,1,1,45,155.9,335,20.9,21.6,19.5,19.5
Iron/Roman,Britain,1,2,20,168.3,382,20.1,21.2,18.6,20.8
Iron/Roman,Britain,1,1,45,170.4,384,21.7,21.4,21.8,22.9
Iron/Roman,Britain,1,1,45,158.9,349,19.7,21.5,19.2,18.4
Iron/Roman,Britain,1,2,55,153.1,328,19.0,17.4,18.0,17.7
Iron/Roman,Britain,1,1,32,160.4,360,24.1,25.2,23.4,23.9
Iron/Roman,Britain,1,1,55,166.7,373.5,21.2,22.0,21.5,22.7
Iron/Roman,Britain,1,2,65,147.6,319,19.2,20.4,20.1,19.6
Iron/Roman,Britain,1,2,22,160.1,367,20.3,20.9,19.2,20.3
Iron/Roman,Britain,1,1,32,170.3,367,22.4,24.7,22.0,21.5
Iron/Roman,Britain,1,1,32,161.1,363,20.9,19.7,19.7,17.6
Iron/Roman,Britain,1,2,45,158.7,334,20.7,22.0,20.3,21.9
Iron/Roman,Britain,1,2,23.5,150.2,324.5,19.8,20.9,18.8,19.0
Iron/Roman,Britain,1,2,40,157.3,338,23.3,20.3,24.4,20.4
Iron/Roman,Britain,1,2,23,156.3,337,20.0,22.2,20.2,22.1
Iron/Roman,Britain,1,1,32,162.8,358,21.2,23.9,21.1,24.9
Iron/Roman,Britain,1,1,40,173.9,408,22.8,24.3,22.0,21.7
Iron/Roman,Britain,1,1,27,160.1,362.5,20.5,24.7,18.5,22.5
Iron/Roman,Britain,1,2,27,167.5,365,21.7,22.8,22.1,22.7
Iron/Roman,Britain,1,1,40,163.9,364.5,21.1,21.0,20.7,20.1
Iron/Roman,Britain,1,1,45,164.4,362,25.5,28.0,26.1,23.3
Iron/Roman,Britain,1,1,55,151.6,323,21.7,20.5,20.1,19.6
Iron/Roman,Britain,1,1,21,164.2,362,20.1,21.6,20.4,19.6
Iron/Roman,Britain,1,2,27,151.9,329.5,20.6,21.2,19.8,19.5
Iron/Roman,Britain,1,2,30,160.8,352,19.9,21.3,20.4,21.8
Iron/Roman,Britain,1,2,42,156.2,332,21.4,21.5,19.8,22.9
Iron/Roman,Britain,1,2,30,164.3,348,20.4,19.7,18.4,18.4
Iron/Roman,Britain,1,2,40,158.5,348,21.4,21.7,20.8,18.7
Iron/Roman,N.-Cen. Europe,1,1,65,163.4,362,24.8,23.2,25.4,22.8
Iron/Roman,N.-Cen. Europe,1,1,52.5,165.8,378,21.8,24.2,21.3,23.4
Iron/Roman,N.-Cen. Europe,1,1,42.5,156.2,337,20.3,21.3,19.1,20.2
Iron/Roman,N.-Cen. Europe,1,1,45,154.6,344,20.3,20.2,19.7,18.8
Iron/Roman,N.-Cen. Europe,1,2,32.5,155.4,336,21.1,21.0,20.3,19.0
Iron/Roman,N.-Cen. Europe,1,1,55,161.7,356,23.8,24.6,24.8,23.2
Iron/Roman,N.-Cen. Europe,1,2,40,162.4,362,21.3,18.3,21.0,17.6
Iron/Roman,N.-Cen. Europe,1,1,50,172.4,389,27.2,24.2,23.7,23.8
Iron/Roman,N.-Cen. Europe,1,2,35,151.0,320,18.2,19.9,18.5,18.8
Iron/Roman,N.-Cen. Europe,1,2,42.5,162.8,371,20.4,18.8,20.5,18.5
Iron/Roman,N.-Cen. Europe,1,1,35,162.5,349,20.4,21.0,19.4,18.2
Iron/Roman,N.-Cen. Europe,1,2,35,161.8,366,19.9,21.8,19.4,21.5
Iron/Roman,N.-Cen. Europe,1,1,55,170.4,388,21.0,23.4,20.3,22.4
Iron/Roman,N.-Cen. Europe,1,1,35,174.5,395,24.4,24.1,24.8,24.2
Iron/Roman,N.-Cen. Europe,1,1,25,164.1,362.5,23.4,22.3,26.1,24.0
Iron/Roman,N.-Cen. Europe,1,1,35,166.8,381.5,23.4,22.0,22.0,21.3
Iron/Roman,N.-Cen. Europe,1,2,25,157.9,352,20.7,18.5,21.2,18.1
Iron/Roman,N.-Cen. Europe,1,2,42.5,156.5,344,18.8,21.4,18.5,20.9
Iron/Roman,N.-Cen. Europe,1,2,29.5,152.5,331,18.6,17.7,17.4,17.5
Bronze,Britain,1,2,65,155.9,340.5,20.8,21.9,20.4,21.2
Bronze,Britain,1,2,55,156.5,345,20.3,22.0,19.2,21.8
Bronze,Britain,1,1,30,170.7,383,21.2,22.3,20.8,21.1
Bronze,Britain,1,2,20,162.2,360,18.8,21.1,17.9,21.0
Bronze,Britain,1,1,32,179.6,415,20.1,22.9,20.2,22.6
Bronze,Britain,1,1,37.5,163.5,368,24.1,25.6,21.8,25.5
Bronze,Britain,1,1,40,172.2,402,21.9,22.4,20.3,22.7
Bronze,Britain,1,1,45,171.7,385,22.1,23.6,20.2,21.9
Bronze,Britain,1,1,37.5,169.6,372,20.4,23.8,20.6,22.8
Bronze,Britain,1,1,27.5,167.1,387,20.6,23.8,20.0,22.8
Bronze,Britain,1,1,24,177.6,402,22.1,24.5,20.1,23.5
Bronze,Britain,1,1,55,172.2,390,22.0,26.2,22.8,25.3
Bronze,Britain,1,2,55,163.4,378,20.3,22.0,20.2,20.4
Bronze,N.-Cen. Europe,1,1,44.5,166.8,369,22.1,24.1,22.1,20.6
Bronze,N.-Cen. Europe,1,1,55,161.3,362,23.2,23.6,21.4,23.0
Bronze,N.-Cen. Europe,1,1,40,167.6,399,23.3,24.9,22.4,23.7
Bronze,N.-Cen. Europe,1,1,40,163.2,374,24.5,26.3,23.7,24.1
Bronze,N.-Cen. Europe,1,1,32,165.7,376.5,23.3,23.4,21.4,22.0
Bronze,N.-Cen. Europe,1,1,22,161.2,364,20.1,23.1,19.8,20.4
Bronze,N.-Cen. Europe,1,1,23.5,159.1,355,20.6,20.5,19.1,21.0
Bronze,N.-Cen. Europe,1,2,29.5,155.4,340,21.2,21.3,22.1,19.7
Bronze,N.-Cen. Europe,1,1,40,161.3,376.5,23.1,22.9,20.7,21.0
Bronze,N.-Cen. Europe,1,1,55,169.1,374.5,22.2,22.0,20.4,18.6
Bronze,N.-Cen. Europe,1,1,40,167.3,381,20.9,22.7,19.6,19.6
Bronze,N.-Cen. Europe,1,2,55,150.0,330,20.5,22.5,20.1,22.9
Bronze,N.-Cen. Europe,1,2,27,163.3,349,19.0,20.6,18.9,21.2
Bronze,N.-Cen. Europe,1,1,55,165.1,384,22.1,22.1,22.3,23.8
Bronze,N.-Cen. Europe,1,1,39.5,161.0,365,21.2,22.7,20.2,20.7
Bronze,N.-Cen. Europe,1,1,32.5,167.2,370,19.7,22.4,18.5,20.2
Bronze,N.-Cen. Europe,1,1,27.5,173.3,381,19.7,22.5,18.7,20.6
Bronze,N.-Cen. Europe,1,1,42.5,159.0,350,23.2,24.1,22.8,22.7
Bronze,N.-Cen. Europe,1,1,27.5,172.8,397,21.6,21.9,21.3,21.6
Bronze,N.-Cen. Europe,1,2,50,155.7,345,20.1,19.8,19.4,21.4
Bronze,N.-Cen. Europe,1,1,35,158.9,353,22.7,20.6,21.1,21.1
Bronze,N.-Cen. Europe,1,1,35,169.3,385,24.3,23.3,21.3,22.3
Bronze,N.-Cen. Europe,1,1,35,168.4,383,22.9,23.2,20.4,21.8
Bronze,N.-Cen. Europe,1,1,45,171.7,402,22.9,24.1,21.9,21.4
Bronze,N.-Cen. Europe,1,2,35,169.7,388,18.6,19.0,17.8,19.2
Bronze,N.-Cen. Europe,1,1,35,164.7,363,19.3,19.6,18.0,18.7
Bronze,N.-Cen. Europe,1,1,38,163.4,363,18.5,19.2,18.4,19.1
Bronze,N.-Cen. Europe,1,2,35,151.3,332,18.0,19.3,17.5,19.7
Bronze,N.-Cen. Europe,1,1,35,156.5,341,19.9,21.6,20.2,19.7
Bronze,N.-Cen. Europe,1,1,45,165.9,369,21.3,21.8,21.0,17.2
Bronze,N.-Cen. Europe,1,2,47.5,158.6,356,20.1,25.1,21.5,25.3
Bronze,N.-Cen. Europe,1,2,42.5,160.2,357,20.4,20.5,22.1,22.6
Bronze,N.-Cen. Europe,1,2,30,157.4,344,20.5,22.8,20.5,23.8
Bronze,N.-Cen. Europe,1,2,40,156.2,340,19.5,19.8,18.4,18.9
Bronze,N.-Cen. Europe,1,1,40,164.2,362,23.1,23.9,20.8,25.6
Bronze,N.-Cen. Europe,1,1,50,170.2,388,21.3,22.9,19.0,21.8
Bronze,N.-Cen. Europe,1,2,42.5,148.4,329,19.3,22.6,19.5,22.5
Bronze,N.-Cen. Europe,1,2,40,164.2,373,19.5,21.3,19.7,20.0
Bronze,N.-Cen. Europe,1,2,30,163.6,368,20.0,18.9,20.3,18.2
Bronze,N.-Cen. Europe,1,1,37.5,159.3,353,21.2,20.5,20.4,19.4
Bronze,N.-Cen. Europe,1,2,35,157.8,360,18.4,20.7,18.2,19.9
Bronze,Iberia,1,2,32.5,150.3,355,19.6,18.8,19.0,21.2
Bronze,Iberia,1,1,52.5,158.8,352,23.0,21.4,22.3,19.7
Bronze,Iberia,1,2,52.5,146.8,330,20.0,18.3,19.3,17.7
Bronze,Iberia,1,2,24,156.0,348,21.8,18.8,20.5,19.2
Bronze,Iberia,1,1,47.5,168.8,394,22.2,22.4,21.6,20.9
Bronze,Iberia,1,2,50,151.3,332,22.5,14.9,20.8,18.8
Bronze,Iberia,1,2,24.5,152.9,341,19.6,19.7,20.0,20.3
Bronze,Iberia,1,1,18,165.1,373,20.1,21.8,19.2,20.2
Bronze,Iberia,1,1,45,162.6,381,21.7,21.2,20.9,21.7
Bronze,Iberia,1,2,37.5,156.1,378,19.0,19.9,20.0,19.6
Bronze,Iberia,1,2,27.5,160.0,361,21.0,17.6,19.6,19.5
Bronze,Iberia,1,1,40,165.6,384,19.9,20.2,19.4,19.0
Bronze,Iberia,1,1,40,159.0,355,19.7,23.0,19.6,21.8
Bronze,Iberia,1,2,50,150.9,344.5,19.1,19.7,20.3,19.9
Neolithic,Britain,1,2,42,148.4,327,21.5,21.0,19.7,20.8
Neolithic,Britain,1,1,27.5,169.3,395,19.3,22.1,19.7,20.5
Neolithic,Britain,1,1,32,154.9,346,17.2,21.5,17.8,15.9
Neolithic,Britain,1,1,30,159.7,353.5,20.2,20.1,20.4,20.8
Neolithic,Britain,1,1,55,165.7,368,19.2,22.2,20.0,19.9
Neolithic,Scand./Finland,1,1,38,194.2,466,21.6,21.2,20.1,22.1
Neolithic,Scand./Finland,1,1,32.5,175.8,405,23.8,24.7,23.0,22.2
Neolithic,Scand./Finland,1,2,38,152.8,345,18.9,16.9,18.3,18.2
Neolithic,Scand./Finland,1,1,27.5,159.0,355.5,20.7,26.6,21.4,24.1
Neolithic,Scand./Finland,1,1,40,164.6,373,22.0,23.5,22.2,22.2
Neolithic,Scand./Finland,1,2,25,143.8,310,21.4,17.8,19.4,18.6
Neolithic,Scand./Finland,1,2,27.5,159.2,345,21.7,21.4,21.0,20.5
Neolithic,Scand./Finland,1,1,27.5,159.1,345,21.2,24.6,22.0,22.2
Neolithic,Scand./Finland,1,2,23.5,159.7,333,17.5,19.2,17.1,19.1
Neolithic,Scand./Finland,1,2,37.5,161.5,354,21.3,21.4,20.5,21.2
Neolithic,Scand./Finland,1,2,20.5,160.3,330,21.0,22.3,20.4,21.6
Neolithic,Scand./Finland,1,1,45,162.3,366,23.1,24.6,23.0,23.8
Neolithic,Scand./Finland,1,1,55,146.4,309,22.0,23.0,18.8,21.7
Neolithic,Scand./Finland,1,1,45,162.8,342,22.3,27.1,22.6,24.8
Neolithic,Scand./Finland,1,1,39.5,152.6,331,21.8,22.8,20.6,21.8
Neolithic,Scand./Finland,1,1,22.5,170.8,379,24.5,26.3,23.9,24.4
Neolithic,Scand./Finland,1,2,25,147.9,322,21.2,23.1,21.1,21.7
Neolithic,Scand./Finland,1,2,25,151.9,337,18.3,19.6,18.8,19.2
Neolithic,Scand./Finland,1,2,30,157.3,345.5,18.9,20.2,17.7,20.3
Neolithic,Scand./Finland,1,2,35,152.7,331.5,19.0,20.8,19.8,19.3
Neolithic,Scand./Finland,1,1,30,164.8,364,23.1,26.8,22.7,24.9
Neolithic,Scand./Finland,1,2,60,156.0,329,19.6,20.9,18.9,20.0
Neolithic,Scand./Finland,1,1,30,165.7,367,20.5,23.3,20.3,21.5
Neolithic,Scand./Finland,1,1,55,154.0,340,21.9,22.5,21.6,21.3
Neolithic,Scand./Finland,1,1,30,153.3,333,20.5,25.6,21.8,23.2
Neolithic,Scand./Finland,1,1,22.5,158.6,339,18.8,22.4,18.8,20.7
Neolithic,Scand./Finland,1,2,19,158.5,336.5,20.6,21.2,20.4,21.2
Neolithic,Scand./Finland,1,1,30,167.8,379,22.1,25.0,21.5,23.8
Neolithic,Scand./Finland,1,2,42.5,147.3,303,17.5,21.5,17.9,20.1
Neolithic,Scand./Finland,1,1,40,163.7,368.5,25.4,22.9,22.9,20.3
Neolithic,Scand./Finland,1,2,45,154.2,334,19.8,21.0,20.8,21.0
Neolithic,Scand./Finland,1,1,27.5,166.2,366,20.8,24.1,21.3,21.9
Neolithic,Scand./Finland,1,2,27.5,160.3,352.5,18.1,21.4,17.5,20.3
Neolithic,Scand./Finland,1,1,55,168.8,363,22.1,24.8,22.1,23.3
Neolithic,Scand./Finland,1,1,55,171.6,371.5,23.8,27.1,23.2,24.9
Neolithic,Scand./Finland,1,1,42.5,155.6,330,21.3,25.2,22.2,23.9
Neolithic,Scand./Finland,1,1,27.5,160.4,348,20.6,26.9,21.8,22.8
Neolithic,Scand./Finland,1,2,42.5,159.2,338,20.2,20.8,20.0,20.9
Neolithic,Scand./Finland,1,1,35,171.6,372,19.3,24.5,18.1,22.5
Neolithic,Scand./Finland,1,1,35,170.1,371,20.9,24.2,21.8,21.9
Neolithic,Scand./Finland,1,1,25,168.9,373,20.3,19.8,20.2,18.7
Neolithic,Scand./Finland,1,1,42.5,178.2,424,23.0,21.7,21.5,21.5
Neolithic,Scand./Finland,1,1,55,171.9,392,22.5,22.6,20.1,21.9
Neolithic,Scand./Finland,1,1,38,162.9,360,23.9,22.9,19.3,21.4
Neolithic,Scand./Finland,1,1,27.5,165.2,374,21.8,21.4,20.6,21.8
Neolithic,Scand./Finland,1,1,42.5,162.2,367,22.6,20.9,22.2,20.3
Neolithic,Scand./Finland,1,1,31.5,163.8,370,21.3,23.3,19.4,22.0
Neolithic,N.-Cen. Europe,1,1,22.5,172.7,405,20.3,22.9,19.5,21.1
Neolithic,N.-Cen. Europe,1,2,25,161.9,365,17.6,18.9,16.6,17.6
Neolithic,N.-Cen. Europe,1,1,50,159.8,351,20.6,21.5,20.7,22.2
Neolithic,N.-Cen. Europe,1,1,32.5,169.3,348,18.0,18.7,17.3,18.1
Neolithic,N.-Cen. Europe,1,1,35,176.9,410,22.4,22.3,22.2,21.9
Neolithic,N.-Cen. Europe,1,1,20,163.7,358,21.2,21.9,21.2,20.9
Neolithic,N.-Cen. Europe,1,2,20,160.7,363,19.7,22.5,18.1,23.2
Neolithic,N.-Cen. Europe,1,1,55,167.4,388,21.8,23.3,21.6,21.9
Neolithic,N.-Cen. Europe,1,1,29.5,160.6,368,20.6,22.1,18.1,22.2
Neolithic,N.-Cen. Europe,1,1,24.5,170.3,392,21.1,24.3,21.1,21.9
Neolithic,N.-Cen. Europe,1,1,44.5,174.2,390,22.5,24.2,20.4,22.1
Neolithic,N.-Cen. Europe,1,2,55,155.8,350,22.2,23.7,20.3,24.0
Neolithic,N.-Cen. Europe,1,2,21,169.2,393,20.7,24.6,21.0,22.2
Neolithic,N.-Cen. Europe,1,1,37,160.0,365,20.1,23.3,21.0,22.6
Neolithic,N.-Cen. Europe,1,2,44.5,156.1,342.5,21.3,21.9,19.5,21.8
Neolithic,N.-Cen. Europe,1,2,27,160.0,343.5,21.4,23.9,21.4,24.5
Neolithic,N.-Cen. Europe,1,2,29.5,166.6,380,20.3,22.8,19.4,21.4
Neolithic,N.-Cen. Europe,1,1,37,165.4,375,20.4,21.9,18.9,20.6
Neolithic,N.-Cen. Europe,1,2,22,155.7,345,18.8,20.3,18.5,21.2
Neolithic,N.-Cen. Europe,1,2,21,155.7,339,19.9,17.3,19.2,19.2
Neolithic,N.-Cen. Europe,1,1,40,161.2,361,22.2,23.8,20.5,23.0
Neolithic,N.-Cen. Europe,1,1,40,169.6,381,20.3,22.8,19.4,21.8
Neolithic,N.-Cen. Europe,1,2,20.5,162.2,369,21.7,19.7,16.2,20.8
Neolithic,N.-Cen. Europe,1,2,42.5,154.7,347,20.0,23.2,20.0,21.9
Neolithic,N.-Cen. Europe,1,1,21,173.0,401,21.8,25.8,21.1,23.9
Neolithic,N.-Cen. Europe,1,1,25,176.6,417,21.8,23.1,21.2,21.6
Neolithic,N.-Cen. Europe,1,2,27.5,157.0,356,16.6,21.0,17.3,21.8
Neolithic,N.-Cen. Europe,1,1,50,170.3,390,23.1,26.3,22.3,25.1
Neolithic,N.-Cen. Europe,1,2,35,167.3,378,20.9,17.8,19.6,22.5
Neolithic,N.-Cen. Europe,1,1,27.5,165.0,366,21.2,20.8,20.2,21.7
Neolithic,N.-Cen. Europe,1,1,27.5,169.8,382,22.0,23.3,20.6,21.7
Neolithic,N.-Cen. Europe,1,1,30,174.5,399,20.9,24.6,20.5,22.1
Neolithic,N.-Cen. Europe,1,2,35,157.4,348,20.4,20.9,20.8,22.7
Neolithic,N.-Cen. Europe,1,2,35,159.6,358,22.9,23.6,22.8,25.6
Neolithic,N.-Cen. Europe,1,2,21.5,166.2,387,18.6,21.4,18.2,22.1
Neolithic,N.-Cen. Europe,1,2,35,160.2,357,19.8,21.9,18.9,21.8
Neolithic,N.-Cen. Europe,1,1,27.5,177.1,397,19.9,23.8,20.7,22.7
Neolithic,N.-Cen. Europe,1,1,50,167.5,374,22.9,26.6,21.4,24.1
Neolithic,N.-Cen. Europe,1,2,25,159.5,355,20.9,20.1,20.0,20.4
Neolithic,N.-Cen. Europe,1,1,25,159.8,350.5,20.1,21.8,19.1,19.6
Neolithic,N.-Cen. Europe,1,2,27.5,157.3,340,17.5,17.2,16.8,17.3
Neolithic,N.-Cen. Europe,1,2,25,159.3,347,19.5,19.6,19.2,20.3
Neolithic,N.-Cen. Europe,1,1,44.5,167.5,386,22.1,22.4,21.4,21.0
Neolithic,N.-Cen. Europe,1,1,40,165.4,376,19.7,23.2,19.9,22.1
Neolithic,N.-Cen. Europe,1,2,27.5,144.4,308,18.3,17.8,17.8,18.4
Neolithic,N.-Cen. Europe,1,2,27.5,157.2,332,19.1,21.2,18.4,19.8
Neolithic,N.-Cen. Europe,1,2,55,152.3,334.5,18.6,19.3,18.7,18.9
Neolithic,N.-Cen. Europe,1,2,22,146.1,279,15.9,18.4,16.7,17.6
Neolithic,N.-Cen. Europe,1,1,20,155.2,343,18.9,20.7,18.9,20.1
Neolithic,N.-Cen. Europe,1,1,37.5,148.6,303,19.6,19.5,18.8,20.1
Neolithic,N.-Cen. Europe,1,2,55,149.9,300,17.3,16.9,17.1,18.1
Neolithic,N.-Cen. Europe,1,2,22.5,149.9,315.5,18.7,18.3,19.1,18.8
Neolithic,N.-Cen. Europe,1,1,38,154.0,326.5,17.4,17.5,17.2,17.9
Neolithic,N.-Cen. Europe,1,1,37.5,162.4,355,21.5,22.0,21.0,21.3
Neolithic,N.-Cen. Europe,1,2,20,154.8,336,18.5,17.6,18.1,19.3
Mesolithic,Scand./Finland,1,2,42.5,149.0,320,17.2,19.4,18.2,19.3
Mesolithic,Scand./Finland,1,1,32.5,160.5,353,21.3,25.8,19.4,23.6
Mesolithic,Iberia,1,2,40,153.4,340,17.0,15.9,15.1,15.6
Mesolithic,Iberia,1,1,17,155.1,339,20.3,19.3,19.4,19.8
Mesolithic,Iberia,1,1,40,158.8,350,22.2,18.3,18.4,21.3
